<?xml version="1.0" encoding="UTF-8"?>
<!DOCTYPE mapper
  PUBLIC "-//mybatis.org//DTD Mapper 3.0//EN"
  "http://mybatis.org/dtd/mybatis-3-mapper.dtd">
    
<mapper namespace="com.farmworld.login.mapper.UserMapper">

	<insert id="insert" parameterType="UserVO">
		INSERT INTO user
		(user_id, user_pw, user_name, 
			user_nickname, user_address, user_phone)
		VALUES (#{user_id},#{user_pw},#{user_name},
			#{user_nickname},#{user_address},#{user_phone})
	</insert>
	
	<delete id="delete" parameterType="UserVO">
		DELETE FROM user WHERE user_num=#{user_num}
	</delete>
	
	<select id="getUserInfo" parameterType="UserVO" resultType="UserVO">
		SELECT * FROM user WHERE user_id=#{user_id} and user_pw=#{user_pw}
	</select>
	
	<select id="isAdmin" parameterType="UserVO" resultType="UserVO">
		SELECT * FROM user WHERE user_num=#{user_num}
	</select>
	
	<!-- 1. 회원가입 시 아이디 중복 체크 
		 2. 로그인 시 아이디 맞는지 확인 -->
	<select id="idCheck" parameterType="UserVO" resultType="UserVO">
		SELECT user_id FROM user WHERE user_id=#{user_id}
	</select>
	
	<select id="nickCheck" parameterType="UserVO" resultType="UserVO">
		SELECT user_nickname FROM user WHERE user_nickname=#{user_nickname}
	</select>

</mapper>